time_group,media,average_ratio
first,Reddit,0.13637745626580972
first,HackerNews,0.04656353021777911
first,Twitter,0.8170590135164113
second,Reddit,0.13686214496660198
second,HackerNews,0.027761508204511058
second,Twitter,0.835376346828887
third,Reddit,0.14985123879131484
third,HackerNews,0.02651021450304774
third,Twitter,0.8236385467056373
forth,Reddit,0.18677171341003646
forth,HackerNews,0.028643598148711855
forth,Twitter,0.7845846884412516
