time_group,media,average_ratio
first,Reddit,0.020763687791612227
first,HackerNews,0.010991379310344827
first,Twitter,0.9682449328980429
second,Reddit,0.022030441830804805
second,HackerNews,0.0052886258058671845
second,Twitter,0.9726809323633281
third,Reddit,0.03139640815629244
third,HackerNews,0.006467383191521122
third,Twitter,0.9621362086521864
forth,Reddit,0.040048648999724684
forth,HackerNews,0.0037466256007913476
forth,Twitter,0.956204725399484
